,precip,cloud cover,solar radiation,humidity,pressure,UV index,temp min,temp max,solar energy,PV output
2019-12-01,0.0,72.0,27.9,87.3,1024.4,2.0,0.9,5.4,2.4,0.748
2019-12-02,0.12,41.2,,82.0,1032.6,2.0,-1.1,5.8,3.9,1.1219999999999999
2019-12-03,0.0,59.8,42.5,82.6,1027.7,3.0,2.1,8.2,3.7,1.091
2019-12-04,0.096,26.2,43.8,90.6,1020.7,3.0,1.0,6.9,3.7,1.06
2019-12-05,0.134,85.2,26.5,91.5,1019.4,2.0,1.9,9.7,2.3,0.712
2019-12-06,3.34,87.4,19.2,90.7,1008.3,1.0,8.3,11.2,1.7,0.492
2019-12-07,0.219,86.7,28.5,89.5,1013.2,1.0,6.9,9.8,2.2,0.776
2019-12-08,3.489,67.8,28.4,83.6,1001.2,2.0,5.7,10.8,2.5,0.67
2019-12-09,8.222,44.1,32.5,76.6,1013.7,2.0,2.5,8.6,2.9,0.944
2019-12-10,6.661,80.7,11.3,90.7,1013.0,1.0,2.4,11.5,1.0,0.078
2019-12-11,2.381,40.6,26.3,86.9,1005.7,2.0,2.5,5.6,2.3,0.301
2019-12-12,7.992,80.9,16.6,92.5,987.9,1.0,2.3,9.0,1.5,0.39
2019-12-13,7.915,61.7,35.5,80.3,982.8,2.0,5.4,7.3,3.1,0.839
2019-12-14,8.275,60.3,30.7,79.5,990.8,2.0,5.3,7.7,2.6,0.69
2019-12-15,8.11,53.9,33.8,82.1,994.8,2.0,4.7,8.0,3.1,0.479
2019-12-16,6.75,72.4,28.6,87.8,998.9,2.0,3.8,8.0,2.6,0.375
2019-12-17,1.371,67.0,21.1,96.5,1000.9,1.0,1.3,7.0,1.7,0.194
2019-12-18,13.339,67.9,14.9,93.1,1003.2,1.0,1.3,10.8,1.3,0.261
2019-12-19,20.449,78.5,7.2,92.8,991.6,0.0,8.4,11.0,0.7,0.325
2019-12-20,5.302,70.9,18.2,94.4,980.8,1.0,4.3,8.6,1.6,0.46
2019-12-21,10.452,63.2,24.0,93.4,976.1,2.0,6.0,8.6,2.1,0.349
2019-12-22,4.718,64.2,28.5,90.5,987.3,1.0,6.1,8.4,2.5,0.555
2019-12-23,2.947,67.5,27.2,86.6,1008.3,1.0,6.9,8.9,2.3,0.597
2019-12-24,3.453,75.5,20.7,89.4,1010.0,2.0,6.6,10.1,1.7,0.635
2019-12-25,0.12,46.1,40.9,88.3,1023.5,2.0,1.5,8.3,3.5,1.008
2019-12-26,10.681,87.6,13.4,92.4,1014.5,1.0,6.1,10.1,1.1,0.688
2019-12-27,14.274,93.9,16.3,98.6,1028.4,1.0,8.3,10.4,1.3,0.18
2019-12-28,0.211,89.9,13.3,95.7,1034.7,1.0,7.1,9.5,1.1,0.509
2019-12-29,0.0,93.7,29.8,93.1,1032.6,2.0,5.7,8.4,2.6,0.956
2019-12-30,0.038,87.0,40.5,96.1,1029.8,2.0,3.6,9.6,3.6,0.8009999999999999
2019-12-31,0.0,94.9,12.5,92.8,1030.0,1.0,4.9,6.9,1.0,0.181
2020-01-01,0.535,96.1,9.0,96.4,1028.1,1.0,5.6,7.8,0.8,0.329
2020-01-02,0.437,94.3,10.6,91.1,1019.2,0.0,6.3,10.5,0.9,0.34
2020-01-03,1.981,65.7,31.5,87.7,1023.7,2.0,3.7,10.4,2.8,1.008
2020-01-04,0.35,81.4,26.9,92.4,1035.9,1.0,4.3,7.5,2.1,0.638
2020-01-05,0.347,94.9,19.2,89.4,1033.4,2.0,5.7,7.4,1.5,0.329
2020-01-06,3.999,84.0,17.3,88.6,1021.5,2.0,6.3,9.1,1.5,0.123
2020-01-07,0.128,90.5,14.0,95.7,1021.5,1.0,5.7,11.6,1.2,0.43
2020-01-08,1.08,87.2,17.6,93.6,1020.6,1.0,8.1,11.3,1.4,0.352
2020-01-09,8.551,79.4,20.9,91.0,1006.6,1.0,5.3,11.4,1.8,0.369
2020-01-10,1.434,67.7,39.1,82.5,1024.5,3.0,4.4,7.9,3.4,1.05
2020-01-11,0.12,90.0,15.4,88.2,1023.3,1.0,7.8,10.5,1.3,0.346
2020-01-12,2.368,61.3,38.5,88.1,1018.7,3.0,5.7,10.3,3.3,0.825
2020-01-13,6.533,63.3,17.8,91.1,1006.4,1.0,5.3,9.3,1.7,0.464
2020-01-14,7.373,80.6,17.8,90.7,993.9,1.0,6.2,12.2,1.5,0.252
2020-01-15,6.94,55.5,47.4,85.0,1006.7,3.0,6.0,8.7,4.1,0.963
2020-01-16,6.92,74.6,12.5,88.8,1010.4,1.0,7.1,11.2,1.1,0.226
2020-01-17,3.775,55.9,37.3,87.7,1013.2,3.0,3.4,8.8,3.1,0.549
2020-01-18,0.631,47.3,55.0,88.4,1029.3,3.0,0.0,6.4,4.7,1.111
2020-01-19,0.096,19.8,,84.7,1045.4,3.0,-1.9,6.8,5.4,1.211
2020-01-20,0.095,38.2,,77.3,1048.4,3.0,-0.9,7.6,5.3,1.355
2020-01-21,0.09,53.0,33.4,93.9,1042.5,2.0,-1.0,4.3,2.8,0.6
2020-01-22,0.272,94.0,14.8,97.8,1037.7,1.0,0.6,6.6,1.2,0.229
2020-01-23,0.185,99.4,9.3,95.9,1031.3,0.0,4.4,6.1,0.7,0.509
2020-01-24,0.143,98.0,14.6,96.2,1023.7,1.0,4.3,5.5,1.4,0.297
2020-01-25,0.168,96.8,8.7,96.0,1016.9,0.0,4.4,7.5,0.7,0.365
2020-01-26,5.437,74.0,18.5,95.4,1008.3,1.0,6.0,8.8,1.6,0.222
2020-01-27,5.884,67.0,20.2,90.9,999.0,1.0,3.8,7.2,1.9,0.47000000000000003
2020-01-28,3.928,49.3,34.8,84.6,998.5,2.0,1.9,4.6,3.0,0.7909999999999999
2020-01-29,0.244,44.6,50.6,83.0,1010.3,2.0,3.0,9.1,4.3,1.4240000000000002
2020-01-30,1.485,94.9,27.3,96.5,1004.5,2.0,7.3,11.3,2.4,0.855
2020-01-31,0.534,87.6,29.3,96.8,1006.3,1.0,7.4,10.7,2.4,0.643
2020-02-01,0.64,68.7,52.6,82.6,1006.6,3.0,5.7,9.8,4.5,1.492
2020-02-02,7.356,82.9,25.1,88.7,1008.1,1.0,6.2,11.1,2.3,0.657
2020-02-03,1.294,69.8,32.2,86.1,1015.0,2.0,4.3,9.7,2.8,0.513
2020-02-04,2.18,67.5,31.6,76.3,1026.3,1.0,4.5,7.5,2.7,1.74
2020-02-05,0.024,60.8,60.8,85.4,1036.9,4.0,2.0,8.5,5.1,1.373
2020-02-06,0.014,66.2,81.2,87.2,1030.1,4.0,2.7,7.8,6.9,1.903
2020-02-07,0.119,74.8,34.1,92.0,1016.1,2.0,3.8,9.8,3.1,0.929
2020-02-08,2.487,68.9,75.9,81.5,1013.6,4.0,4.6,9.6,6.7,1.879
2020-02-09,7.869,85.6,18.5,88.7,994.6,1.0,8.4,11.7,1.6,0.304
2020-02-10,3.586,65.9,49.0,76.8,1000.8,2.0,3.7,7.9,4.2,0.754
2020-02-11,1.708,46.5,68.3,72.8,1011.2,4.0,2.5,6.3,5.8,1.183
2020-02-12,3.022,64.9,74.5,84.6,1014.7,4.0,2.4,7.2,6.5,1.593
2020-02-13,25.899,75.3,53.7,87.8,998.8,3.0,4.8,8.4,4.8,0.904
2020-02-14,2.235,80.3,36.5,92.8,1015.5,2.0,3.9,10.1,3.2,0.696
2020-02-15,18.182,92.6,15.0,96.2,1003.2,1.0,9.5,11.9,1.2,0.202
2020-02-16,15.312,73.2,22.7,87.8,995.8,1.0,4.1,11.8,2.0,0.6819999999999999
2020-02-17,6.3,53.4,63.9,80.7,1011.0,3.0,4.2,8.4,5.7,1.369
2020-02-18,3.796,59.2,63.1,85.5,1019.9,4.0,3.8,8.1,5.4,0.931
2020-02-19,2.556,73.8,31.2,87.6,1019.6,1.0,3.7,8.9,2.6,0.729
2020-02-20,4.087,61.4,52.7,85.4,1013.2,3.0,3.3,9.0,4.4,1.099
2020-02-21,0.172,70.6,47.4,81.1,1023.3,2.0,3.4,9.4,4.0,1.254
2020-02-22,2.187,83.2,56.8,84.1,1020.2,3.0,8.2,10.7,4.8,1.013
2020-02-23,1.664,86.2,52.0,87.8,1018.8,2.0,6.1,11.6,4.5,1.438
2020-02-24,8.241,84.5,24.0,92.1,1011.3,1.0,6.3,10.4,2.0,0.394
2020-02-25,6.215,55.9,53.8,85.3,1002.9,3.0,2.4,6.7,4.7,1.289
2020-02-26,1.221,49.4,115.5,76.8,1006.8,5.0,1.4,6.7,9.9,2.511
2020-02-27,9.659,61.3,125.3,81.3,1005.0,5.0,1.1,7.0,10.9,2.376
2020-02-28,9.321,93.8,28.1,93.0,1003.1,1.0,1.1,11.0,2.4,0.40800000000000003
2020-02-29,15.317,62.2,100.6,83.5,986.2,4.0,3.8,10.0,8.8,1.764
2020-03-01,4.417,52.1,112.9,83.3,989.1,4.0,2.2,6.5,9.8,2.249
2020-03-02,3.587,39.0,107.9,82.5,991.7,4.0,2.1,7.6,9.3,2.3529999999999998
2020-03-03,0.204,40.4,105.0,80.9,1004.1,5.0,1.9,8.7,9.1,2.798
2020-03-04,3.555,92.2,29.8,93.8,1005.3,1.0,2.8,8.0,2.5,0.826
2020-03-05,9.335,89.8,28.2,91.3,996.6,1.0,2.3,5.1,2.6,1.222
2020-03-06,1.546,59.7,82.6,88.2,1006.6,4.0,0.2,7.2,7.1,2.399
2020-03-07,0.037,85.2,59.9,88.3,1014.9,2.0,3.6,11.1,5.1,1.832
2020-03-08,3.705,59.6,100.8,84.3,1006.4,4.0,5.5,9.3,8.7,1.72
2020-03-09,6.691,73.7,69.8,86.9,1012.6,3.0,5.2,10.4,6.0,1.045
2020-03-10,8.888,96.4,57.9,95.3,1007.4,3.0,8.6,12.8,5.0,1.358
2020-03-11,0.536,78.1,136.0,85.4,1009.4,6.0,7.2,12.2,11.9,2.6670000000000003
2020-03-12,2.606,41.7,123.2,74.3,1012.1,5.0,3.5,7.7,10.7,2.468
2020-03-13,1.195,60.5,89.7,81.9,1018.1,4.0,4.8,9.1,7.8,3.108
2020-03-14,5.792,82.2,77.6,91.9,1012.6,4.0,6.0,9.5,6.7,2.057
2020-03-15,8.604,79.0,43.6,90.5,1008.1,2.0,4.1,8.9,3.6,1.633
2020-03-16,0.024,21.4,160.6,78.3,1022.2,6.0,1.2,10.1,13.9,3.861
2020-03-17,0.073,89.8,85.4,89.5,1027.0,4.0,4.9,10.8,7.4,2.001
2020-03-18,0.681,92.5,52.0,92.8,1024.7,2.0,7.2,11.6,4.6,1.235
2020-03-19,2.363,98.0,27.1,96.3,1025.4,1.0,4.5,7.2,2.4,0.32
2020-03-20,0.144,83.6,127.0,76.0,1027.0,5.0,3.8,8.8,11.0,2.388
2020-03-21,0.0,68.2,145.4,66.2,1023.8,6.0,2.8,10.4,12.7,3.8560000000000003
2020-03-22,0.0,24.1,183.3,69.2,1024.5,6.0,1.2,10.9,16.0,4.249
2020-03-23,0.0,14.6,178.9,69.8,1024.5,6.0,2.1,10.7,15.5,4.293
2020-03-24,0.0,16.5,183.3,75.2,1023.9,6.0,3.4,13.2,15.8,4.166
2020-03-25,0.0,6.3,193.0,68.6,1023.1,6.0,2.3,13.1,16.7,4.521
2020-03-26,0.0,10.8,195.6,56.8,1022.7,6.0,-0.6,13.4,16.8,4.566
2020-03-27,0.0,28.7,178.1,66.4,1024.2,6.0,0.7,10.9,15.4,4.397
2020-03-28,0.0,53.1,137.3,68.2,1029.0,6.0,2.6,10.2,11.7,3.821
2020-03-29,0.0,46.9,133.6,57.8,1038.6,5.0,1.6,7.8,11.0,4.396
2020-03-30,0.0,65.5,81.8,69.4,1036.0,4.0,0.4,8.1,7.2,4.023
2020-03-31,0.073,55.3,134.2,71.0,1031.3,5.0,3.2,9.5,11.5,4.477
2020-04-01,0.0,56.1,,71.5,1025.1,3.0,-1.1,8.3,9.8,4.3180000000000005
2020-04-02,0.0,85.5,117.4,78.7,1018.6,6.0,5.2,10.6,10.3,3.986
2020-04-03,0.12,71.4,129.4,79.1,1018.5,6.0,5.7,12.2,11.3,3.576
2020-04-04,0.0,47.1,209.8,79.0,1018.2,7.0,4.1,13.7,18.1,4.712
2020-04-05,0.0,56.3,214.2,69.4,1010.2,7.0,7.9,15.7,18.4,4.501
2020-04-06,0.966,48.6,177.5,78.6,1016.8,5.0,5.2,13.7,15.3,4.601
2020-04-07,0.014,46.7,185.8,66.9,1028.1,6.0,2.9,15.7,15.9,2.573
2020-04-08,0.0,66.6,167.2,63.1,1024.3,6.0,9.7,19.8,14.2,4.647
2020-04-09,0.0,10.5,208.3,65.7,1023.3,7.0,8.9,20.8,18.0,4.729
2020-04-10,0.0,62.1,211.2,61.7,1022.8,7.0,10.0,20.3,18.3,4.86
2020-04-11,0.0,39.9,203.2,60.0,1021.8,7.0,9.1,22.5,17.6,4.693
2020-04-12,0.0,36.2,191.8,69.6,1014.4,7.0,7.8,18.8,16.6,4.236
2020-04-13,0.0,44.5,195.8,66.1,1022.9,7.0,4.4,12.7,17.0,5.142
2020-04-14,0.0,10.2,,69.4,1028.1,7.0,-0.1,11.4,20.1,5.538
2020-04-15,0.0,13.1,233.1,63.3,1021.5,7.0,2.2,15.3,20.2,4.829
2020-04-16,0.0,40.1,205.1,62.8,1014.7,7.0,5.1,18.4,17.7,4.413
2020-04-17,7.086,86.1,33.9,87.2,1014.2,1.0,8.6,12.0,2.8,1.257
2020-04-18,2.123,95.6,62.5,92.1,1017.0,3.0,6.3,10.5,5.3,2.455
2020-04-19,0.0,63.3,204.1,77.2,1019.2,7.0,8.0,15.7,17.6,5.3100000000000005
2020-04-20,0.0,38.4,245.8,62.3,1016.0,7.0,5.0,16.8,21.2,5.541
2020-04-21,0.0,35.6,208.5,60.2,1015.2,7.0,7.0,17.8,18.1,5.197
2020-04-22,0.0,32.2,243.2,65.6,1018.6,7.0,6.2,19.5,21.0,5.489
2020-04-23,0.0,29.9,243.5,65.9,1019.1,7.0,6.7,20.1,21.0,5.498
2020-04-24,0.0,46.2,225.6,68.8,1015.3,7.0,7.7,20.1,19.4,4.787
2020-04-25,0.0,66.8,160.7,69.3,1013.8,6.0,8.1,16.5,13.8,5.106
2020-04-26,0.0,52.7,205.9,67.5,1012.1,6.0,6.3,16.2,17.9,5.323
2020-04-27,0.0,82.1,112.0,80.1,1007.7,3.0,7.2,13.8,9.8,3.672
2020-04-28,5.896,90.6,39.4,92.7,1003.7,1.0,6.9,11.3,3.3,1.297
2020-04-29,2.163,63.1,151.4,86.0,1000.2,6.0,4.7,12.5,12.9,3.615
2020-04-30,8.708,57.0,161.6,83.6,994.5,8.0,5.9,10.5,13.9,3.089
2020-05-01,1.193,52.3,201.3,77.5,1000.8,7.0,7.5,12.5,17.4,5.628
2020-05-02,0.823,43.1,237.8,76.7,1011.4,8.0,5.0,14.3,20.2,5.846
2020-05-03,1.752,94.6,55.6,92.4,1015.1,2.0,7.0,11.5,4.9,1.414
2020-05-04,0.171,75.6,177.3,81.0,1017.5,7.0,9.4,15.3,15.3,3.259
2020-05-05,3.216,80.7,85.0,72.8,1018.1,3.0,7.6,12.8,7.3,3.22
2020-05-06,0.0,13.6,270.0,65.6,1024.0,8.0,4.6,15.9,23.3,6.069
2020-05-07,0.019,41.8,247.7,74.0,1021.8,8.0,6.3,19.2,21.2,5.7010000000000005
2020-05-08,0.0,54.0,231.3,64.1,1017.7,6.0,9.2,19.6,20.1,5.181
2020-05-09,0.0,52.5,265.8,64.8,1012.2,8.0,9.4,21.5,23.1,5.767
2020-05-10,0.014,69.0,154.8,75.8,1009.9,8.0,6.0,17.9,13.4,4.774
2020-05-11,0.0,45.9,221.0,58.9,1020.0,7.0,2.6,11.2,19.2,6.622
2020-05-12,0.0,23.1,289.2,63.0,1021.5,8.0,0.3,12.9,24.8,6.714
2020-05-13,0.0,41.1,199.8,64.4,1017.5,6.0,4.5,11.3,17.4,6.49
2020-05-14,0.0,11.8,291.3,60.4,1022.8,8.0,1.4,12.9,25.3,6.873
2020-05-15,0.0,14.7,282.2,67.0,1025.0,8.0,3.4,15.2,24.4,6.696
2020-05-16,0.0,62.9,260.1,68.3,1025.5,8.0,5.0,16.1,22.5,5.774
2020-05-17,0.0,62.1,230.1,76.9,1025.3,8.0,6.7,16.1,19.9,4.532
2020-05-18,0.0,60.4,275.8,75.5,1025.2,8.0,7.5,18.0,23.7,6.026
2020-05-19,0.049,70.0,225.9,82.2,1024.7,8.0,9.9,18.8,19.5,6.433
2020-05-20,0.024,52.8,275.7,69.9,1021.3,8.0,8.5,21.7,23.7,6.538
2020-05-21,0.287,57.5,282.9,70.7,1019.0,8.0,10.4,21.0,24.3,6.242
2020-05-22,0.205,67.8,219.3,68.2,1015.6,7.0,10.8,17.1,19.0,5.361
2020-05-23,1.853,50.9,241.8,70.6,1023.8,8.0,9.1,15.0,20.9,6.0840000000000005
2020-05-24,0.024,52.0,264.3,71.4,1032.2,8.0,9.7,17.3,22.7,6.375
2020-05-25,0.0,40.2,297.0,65.8,1035.1,8.0,6.4,21.0,25.6,6.7700000000000005
2020-05-26,0.0,42.2,287.3,64.2,1036.1,8.0,8.1,22.2,24.9,5.958
2020-05-27,0.0,30.6,289.7,70.5,1035.0,8.0,11.6,24.1,25.1,6.2780000000000005
2020-05-28,0.0,18.9,293.8,61.6,1032.1,8.0,12.0,21.5,25.3,6.529
2020-05-29,0.0,2.6,303.2,50.8,1026.0,8.0,9.9,22.1,26.5,6.787
2020-05-30,0.0,20.0,299.3,47.7,1021.7,8.0,9.3,22.8,26.1,6.75
2020-05-31,0.0,17.9,296.5,51.0,1020.6,8.0,11.7,23.5,25.7,6.73
2020-06-01,0.0,11.4,306.4,54.3,1022.0,8.0,10.5,23.3,26.5,6.793
2020-06-02,0.0,26.2,297.7,57.1,1019.2,8.0,11.5,23.6,25.6,6.5760000000000005
2020-06-03,6.684,89.1,68.4,81.8,1009.5,2.0,11.4,15.7,5.8,2.18
2020-06-04,0.366,69.7,198.0,77.0,1005.9,6.0,8.3,15.3,17.1,4.1370000000000005
2020-06-05,1.229,64.8,211.4,73.1,1000.0,8.0,8.0,15.1,18.0,6.664
2020-06-06,2.407,65.1,125.0,84.5,1002.7,5.0,6.2,10.7,10.8,3.783
2020-06-07,0.297,51.8,272.7,77.4,1009.7,8.0,7.1,17.5,23.5,5.506
2020-06-08,0.216,67.9,258.8,72.3,1018.5,8.0,9.8,17.4,22.6,5.365
2020-06-09,0.0,53.5,218.1,71.9,1020.0,7.0,7.8,17.0,18.9,5.155
2020-06-10,1.613,86.0,101.6,85.2,1014.7,5.0,10.1,14.2,8.8,3.482
2020-06-11,21.854,78.0,74.3,87.1,1009.3,2.0,10.0,16.1,6.2,4.207
2020-06-12,10.676,69.8,98.9,87.5,1004.0,4.0,11.3,17.8,8.2,3.094
2020-06-13,2.523,60.6,157.3,86.4,1006.3,7.0,9.3,17.5,13.6,5.299
2020-06-14,2.493,58.6,263.8,83.7,1012.8,8.0,11.1,18.7,22.7,6.354
2020-06-15,0.289,54.0,243.0,80.6,1016.2,9.0,9.8,19.7,21.0,6.138
2020-06-16,3.355,61.6,220.9,80.0,1014.0,10.0,11.3,19.2,19.3,4.92
2020-06-17,0.644,60.4,141.3,88.1,1012.6,7.0,10.6,18.4,12.2,3.96
2020-06-18,25.455,86.0,54.3,97.1,1010.0,2.0,13.0,14.8,4.5,1.794
2020-06-19,21.567,79.3,147.0,87.7,1013.7,5.0,11.5,15.9,12.7,4.979
2020-06-20,0.504,73.3,208.3,86.5,1018.0,7.0,12.1,17.0,18.1,5.77
2020-06-21,4.296,64.8,211.6,79.0,1016.9,6.0,11.7,17.3,18.2,6.227
2020-06-22,0.0,41.0,298.3,79.2,1024.1,8.0,8.8,18.6,25.8,6.58
2020-06-23,0.51,27.3,301.9,73.0,1022.4,8.0,11.8,22.8,26.1,6.737
2020-06-24,0.0,14.5,302.0,63.0,1018.8,8.0,14.1,27.6,26.2,6.684
2020-06-25,0.032,24.4,297.4,61.5,1014.0,8.0,16.6,27.9,25.7,6.094
2020-06-26,0.08,64.4,214.8,79.0,1009.0,7.0,14.0,19.6,18.4,6.105
2020-06-27,5.752,78.7,157.7,88.0,1004.1,5.0,11.6,15.9,13.6,6.265
2020-06-28,2.694,68.3,231.2,79.5,1010.3,9.0,10.6,15.8,20.1,6.430000000000001
2020-06-29,0.367,82.2,129.8,73.1,1011.5,3.0,11.1,15.3,11.3,4.31
2020-06-30,2.903,83.4,108.7,90.8,1007.3,3.0,11.5,17.1,9.2,2.794
2020-07-01,2.351,75.8,143.5,85.2,1006.3,4.0,12.3,16.5,12.7,4.982
2020-07-02,0.558,67.6,150.3,82.1,1012.6,4.0,11.7,17.3,13.1,5.856000000000001
2020-07-03,2.794,75.2,144.2,85.7,1016.5,4.0,10.8,17.0,12.5,4.517
2020-07-04,1.732,95.3,148.7,93.0,1011.6,2.0,14.6,17.5,12.9,4.449
2020-07-05,1.207,75.0,254.9,76.3,1013.3,10.0,11.9,16.1,22.2,6.4190000000000005
2020-07-06,0.095,51.9,222.5,73.6,1021.5,6.0,11.5,17.1,19.4,6.636
2020-07-07,0.0,75.8,168.8,81.1,1021.2,6.0,9.8,17.3,14.5,5.449
2020-07-08,3.273,90.8,120.9,92.0,1015.6,5.0,14.1,18.0,10.3,3.956
2020-07-09,1.753,87.2,128.8,91.4,1012.7,5.0,13.9,17.9,11.2,3.632
2020-07-10,0.0,53.0,201.0,73.4,1019.8,7.0,10.6,16.6,17.3,6.697
2020-07-11,0.0,28.7,296.8,69.6,1027.2,9.0,7.7,19.7,25.5,6.87
2020-07-12,0.0,60.7,308.8,66.2,1028.1,9.0,8.5,21.5,26.8,5.5889999999999995
2020-07-13,1.426,71.8,173.6,75.3,1024.3,7.0,10.9,19.9,15.1,3.523
2020-07-14,2.09,85.3,177.4,84.1,1018.1,6.0,12.9,17.9,15.4,3.811
2020-07-15,0.055,87.5,113.3,83.9,1017.6,3.0,12.7,17.0,9.6,4.979
2020-07-16,0.0,68.6,209.4,81.5,1021.4,8.0,13.8,21.1,18.1,6.117
2020-07-17,0.0,76.5,236.0,81.8,1022.4,7.0,12.4,21.0,20.3,6.503
2020-07-18,0.087,82.7,199.2,80.7,1019.4,7.0,12.5,20.4,17.3,5.3500000000000005
2020-07-19,4.251,70.1,196.9,78.8,1018.4,7.0,12.4,19.3,16.9,5.563
2020-07-20,0.0,16.2,297.8,61.7,1023.9,8.0,8.5,19.0,25.7,6.732
2020-07-21,0.0,35.6,285.5,61.0,1026.1,8.0,8.6,20.3,24.6,6.38
2020-07-22,0.0,42.8,259.8,64.6,1024.1,7.0,9.6,21.3,22.5,6.081
2020-07-23,0.97,78.5,142.1,85.2,1017.3,6.0,11.0,19.7,12.2,3.148
2020-07-24,2.92,87.9,145.1,90.2,1013.3,4.0,14.8,19.5,12.6,5.083
2020-07-25,9.659,79.0,104.4,93.7,1007.6,4.0,14.1,17.5,9.0,2.974
2020-07-26,0.485,71.1,157.0,84.7,1011.1,6.0,13.2,17.9,13.6,4.87
2020-07-27,8.234,75.6,125.2,91.4,1007.0,5.0,12.8,19.5,10.8,4.14
2020-07-28,0.0,52.4,220.2,75.1,1016.0,9.0,11.1,17.5,18.8,6.327
2020-07-29,0.0,48.8,199.0,78.0,1020.7,6.0,8.9,18.9,17.2,6.0280000000000005
2020-07-30,0.0,24.4,281.7,71.9,1017.3,8.0,11.5,22.8,24.5,6.191
2020-07-31,0.0,33.0,215.3,67.7,1011.0,7.0,15.7,26.4,18.7,5.747
2020-08-01,0.356,67.9,165.7,80.7,1016.5,5.0,13.6,18.5,14.3,5.404
2020-08-02,1.33,57.3,155.2,80.7,1017.8,5.0,12.0,18.4,13.3,5.266
2020-08-03,0.0,44.4,259.3,72.9,1017.7,8.0,10.6,18.8,22.3,5.992
2020-08-04,0.0,72.0,133.8,79.7,1016.7,5.0,8.8,18.6,11.7,5.816
2020-08-05,0.732,89.2,124.1,92.8,1012.0,3.0,15.7,18.2,10.6,4.587
2020-08-06,0.74,85.6,128.3,92.9,1016.1,5.0,15.8,20.4,11.1,4.465
2020-08-07,0.024,55.6,153.6,78.6,1018.0,7.0,12.9,24.9,13.1,5.068
2020-08-08,0.006,55.3,247.9,82.0,1019.8,7.0,15.1,26.2,21.3,5.039
2020-08-09,0.0,49.8,213.1,81.2,1018.2,7.0,15.2,22.9,18.5,5.488
2020-08-10,1.015,67.6,98.6,86.3,1014.5,3.0,16.9,22.4,8.5,4.387
2020-08-11,0.006,52.0,232.9,80.0,1014.4,7.0,15.3,28.2,20.1,4.139
2020-08-12,0.0,44.6,231.8,72.2,1012.4,7.0,18.0,29.7,20.1,4.11
2020-08-13,2.423,79.0,112.9,86.6,1012.2,5.0,18.3,24.1,9.9,4.186
2020-08-14,2.265,93.0,55.0,94.2,1014.1,3.0,17.3,19.5,4.9,1.665
2020-08-15,6.486,93.3,27.1,97.2,1014.5,1.0,16.4,17.3,2.5,2.548
2020-08-16,0.987,79.5,81.2,93.0,1010.7,3.0,13.3,18.6,7.0,3.312
2020-08-17,6.07,60.6,140.4,92.6,1008.0,7.0,12.3,19.4,12.0,3.834
2020-08-18,3.52,65.5,132.9,88.9,1008.3,6.0,14.3,21.0,11.4,5.072
2020-08-19,21.667,85.4,91.6,97.3,1000.1,5.0,15.7,19.1,7.9,2.2159999999999997
2020-08-20,2.798,56.3,223.0,80.2,1000.6,7.0,13.2,19.8,19.2,5.281
2020-08-21,2.512,67.1,118.2,82.8,1001.1,6.0,15.3,18.4,10.2,4.631
2020-08-22,0.819,65.6,192.0,78.6,1012.4,8.0,13.6,18.4,16.5,4.923
2020-08-23,1.233,81.8,131.7,82.5,1018.1,7.0,13.5,16.9,11.6,4.269
2020-08-24,3.219,77.3,124.3,91.0,1015.5,6.0,13.3,19.3,10.8,3.382
2020-08-25,19.167,81.6,153.9,88.1,1001.4,7.0,14.5,18.6,13.3,4.023
2020-08-26,0.385,67.7,181.9,79.8,1014.3,7.0,12.5,17.9,15.7,4.179
2020-08-27,22.441,70.9,76.0,93.2,1010.8,5.0,10.8,16.1,6.5,3.247
2020-08-28,6.189,66.5,127.2,88.7,1002.3,6.0,11.9,17.5,11.2,3.059
2020-08-29,0.715,61.7,143.9,69.6,1011.5,6.0,9.6,16.0,12.4,5.086
2020-08-30,0.0,49.3,178.7,68.6,1019.1,5.0,9.2,16.0,15.3,5.067
2020-08-31,0.0,77.6,162.6,74.8,1021.5,7.0,8.9,16.7,14.0,4.927
2020-09-01,0.0,54.1,137.2,76.5,1020.6,5.0,8.5,17.8,11.8,4.888
2020-09-02,0.153,78.5,95.1,84.7,1018.5,4.0,9.4,16.9,8.3,3.5460000000000003
2020-09-03,2.493,83.0,77.5,92.1,1016.5,3.0,13.4,18.6,6.7,2.417
2020-09-04,0.057,75.2,91.0,84.9,1021.9,4.0,11.8,16.5,8.0,3.323
2020-09-05,0.62,52.5,141.5,79.7,1023.0,6.0,9.7,16.0,12.2,4.59
2020-09-06,2.571,65.1,144.8,86.4,1021.7,5.0,11.3,16.9,12.6,4.126
2020-09-07,0.883,68.7,110.1,91.0,1024.3,4.0,9.6,16.5,9.4,2.564
2020-09-08,0.672,84.8,101.4,91.1,1025.7,4.0,14.2,19.7,8.7,3.785
2020-09-09,0.234,68.7,108.1,87.5,1024.5,4.0,11.3,19.2,9.3,3.602
2020-09-10,0.0,72.6,147.4,74.8,1023.8,6.0,8.8,17.3,12.7,4.474
2020-09-11,0.0,74.9,74.9,81.3,1018.1,3.0,8.5,15.5,6.5,3.3649999999999998
2020-09-12,0.353,60.1,160.6,80.9,1019.9,5.0,11.9,19.1,13.9,4.018
2020-09-13,0.024,40.9,186.8,84.4,1023.4,6.0,11.3,20.4,16.1,4.151
2020-09-14,0.038,34.0,187.3,72.0,1020.2,6.0,11.4,25.4,16.1,4.08
2020-09-15,0.013,67.0,114.7,73.9,1018.8,4.0,14.1,22.0,10.0,2.975
2020-09-16,0.126,57.3,150.7,84.6,1023.5,5.0,14.7,23.1,12.9,3.128
2020-09-17,0.0,36.8,172.4,73.8,1026.5,6.0,12.6,20.2,14.9,3.902
2020-09-18,0.0,22.8,162.3,71.4,1021.2,6.0,9.2,19.3,13.8,4.096
2020-09-19,0.0,63.5,139.0,74.2,1016.5,5.0,11.1,20.4,12.1,1.288
2020-09-20,0.0,54.4,144.8,77.6,1018.2,6.0,12.3,20.8,12.6,3.6790000000000003
2020-09-21,0.0,0.0,165.0,74.4,1017.6,6.0,10.7,23.8,14.4,3.725
2020-09-22,0.024,69.6,52.0,91.3,1010.1,2.0,11.0,16.0,4.5,2.97
2020-09-23,4.499,71.5,60.9,91.7,1001.3,3.0,8.1,14.5,5.0,2.94
2020-09-24,5.305,54.7,139.8,80.8,994.9,5.0,7.4,12.6,11.9,1.992
2020-09-25,0.911,35.9,159.5,74.0,1006.9,6.0,6.9,13.9,13.7,3.835
2020-09-26,0.244,28.5,176.2,67.3,1015.0,6.0,5.9,13.0,15.3,3.956
2020-09-27,0.0,40.1,169.3,72.0,1016.0,6.0,7.7,15.6,14.6,3.845
2020-09-28,0.61,81.5,76.0,94.1,1014.7,5.0,5.5,16.3,6.7,2.965
2020-09-29,2.043,68.2,97.2,85.3,1016.0,4.0,9.0,16.2,8.3,3.25
2020-09-30,12.968,69.6,33.2,94.2,1006.1,1.0,8.6,13.8,2.7,0.708
2020-10-01,3.298,66.1,107.4,89.5,997.4,6.0,7.4,12.8,9.0,2.402
2020-10-02,24.499,83.5,51.1,95.3,986.1,3.0,8.7,12.8,4.3,1.046
2020-10-03,25.628,83.7,10.7,95.7,989.0,1.0,9.4,11.5,1.0,0.721
2020-10-04,17.417,78.5,24.7,93.3,985.3,1.0,8.4,10.5,2.0,0.782
2020-10-05,1.118,69.5,42.9,95.4,997.0,2.0,8.6,13.0,3.6,1.661
2020-10-06,4.608,64.6,70.7,90.9,1000.4,4.0,10.7,12.9,6.0,2.613
2020-10-07,0.829,71.8,99.3,86.1,1013.5,5.0,8.9,14.5,8.7,1.7770000000000001
2020-10-08,5.912,82.1,62.8,91.7,1012.9,3.0,8.7,15.1,5.2,2.514
2020-10-09,0.866,50.4,93.2,88.0,1020.4,4.0,6.6,12.5,8.2,1.77
2020-10-10,0.222,46.1,57.9,84.3,1025.4,2.0,5.6,12.6,5.1,2.538
2020-10-11,0.506,60.3,101.6,83.1,1027.0,5.0,7.6,13.3,8.9,2.788
2020-10-12,1.92,79.3,39.4,94.9,1020.1,1.0,6.9,11.3,3.5,0.684
2020-10-13,3.228,61.8,77.2,86.4,1012.3,3.0,7.1,11.0,6.6,1.451
2020-10-14,0.148,56.0,100.9,83.3,1020.1,5.0,7.8,13.0,8.8,2.477
2020-10-15,0.0,61.0,82.1,83.6,1025.7,4.0,6.1,11.5,7.1,2.6839999999999997
2020-10-16,0.051,75.3,63.4,84.4,1025.0,4.0,4.7,11.5,5.4,2.025
2020-10-17,0.0,85.6,74.7,86.6,1022.4,4.0,5.7,12.1,6.5,1.949
2020-10-18,0.106,84.2,33.3,88.2,1023.6,1.0,7.1,11.5,3.0,1.99
2020-10-19,0.024,77.9,60.6,83.7,1012.5,3.0,8.0,13.3,5.3,1.635
2020-10-20,3.524,77.8,79.3,90.5,998.4,5.0,12.2,15.9,6.8,2.012
2020-10-21,17.147,81.9,35.9,96.0,996.4,2.0,11.4,14.4,3.0,0.488
2020-10-22,1.663,78.6,56.9,89.7,1007.8,3.0,10.0,12.0,4.9,1.704
2020-10-23,4.347,63.1,55.0,88.6,1008.3,3.0,7.2,12.1,4.6,1.298
2020-10-24,4.999,78.0,36.8,92.3,1000.5,2.0,8.1,13.3,3.1,0.40700000000000003
2020-10-25,3.959,37.5,62.6,84.1,995.4,4.0,6.4,11.4,5.7,1.266
2020-10-26,2.433,40.7,67.6,87.1,999.2,3.0,6.4,12.0,5.7,1.971
2020-10-27,4.383,66.6,52.0,89.2,998.0,2.0,7.4,12.9,4.6,0.87
2020-10-28,5.466,58.3,62.4,83.6,1002.9,3.0,7.5,10.9,5.4,0.9229999999999999
2020-10-29,4.429,82.0,32.2,91.3,1012.0,2.0,8.7,13.6,2.7,0.984
2020-10-30,2.312,93.7,33.3,93.2,1015.5,2.0,13.3,15.1,3.0,0.555
2020-10-31,14.177,80.4,48.8,86.8,1009.6,3.0,8.8,13.5,4.2,1.012
2020-11-01,1.692,88.4,29.0,91.0,1001.7,1.0,10.2,15.2,2.5,0.764
2020-11-02,3.073,52.4,66.4,82.2,1006.1,3.0,6.5,15.1,5.6,1.74
2020-11-03,8.521,52.8,66.8,86.8,1020.0,4.0,3.3,8.8,5.8,1.246
2020-11-04,0.399,21.7,83.7,87.4,1034.3,4.0,1.4,9.8,7.0,1.902
2020-11-05,0.177,41.0,83.7,89.2,1038.3,4.0,1.7,9.9,7.2,1.61
2020-11-06,0.185,39.9,74.5,87.7,1026.3,3.0,2.6,11.3,6.5,1.729
2020-11-07,0.0,77.5,25.4,93.7,1017.7,1.0,8.4,12.8,2.1,1.032
2020-11-08,1.153,88.3,42.3,96.0,1016.7,2.0,11.8,13.7,3.6,1.365
2020-11-09,4.461,85.1,61.5,96.1,1016.8,4.0,11.5,13.9,5.1,1.25
2020-11-10,3.003,74.4,36.4,93.4,1022.2,2.0,9.3,13.1,3.3,1.382
2020-11-11,0.208,77.9,18.3,91.8,1013.9,1.0,9.3,12.4,1.5,0.575
2020-11-12,6.696,66.3,57.1,84.6,1013.0,3.0,7.1,11.6,5.0,1.3
2020-11-13,2.735,73.3,53.4,85.5,1011.1,2.0,7.5,10.9,4.4,0.9349999999999999
2020-11-14,15.653,82.7,18.9,93.7,1003.7,1.0,8.9,13.2,1.7,0.34199999999999997
2020-11-15,2.846,59.8,41.8,86.5,995.6,2.0,6.4,11.6,3.6,0.8150000000000001
2020-11-16,1.44,88.2,22.3,87.5,1013.4,1.0,8.4,12.5,1.9,0.458
2020-11-17,0.552,94.6,19.1,90.0,1020.1,1.0,11.0,12.5,1.8,0.626
2020-11-18,0.678,71.4,34.3,87.1,1016.2,1.0,7.2,13.0,2.9,0.521
2020-11-19,0.528,65.0,38.6,78.8,1029.4,2.0,2.9,9.0,3.4,1.149
2020-11-20,3.108,85.0,13.7,93.0,1033.2,1.0,2.8,9.7,1.2,0.378
2020-11-21,0.552,91.8,29.7,87.5,1027.3,2.0,8.7,10.7,2.6,0.468
2020-11-22,1.046,80.3,30.0,92.7,1027.2,2.0,5.1,10.1,2.6,0.7030000000000001
2020-11-23,0.245,75.8,42.9,93.5,1026.5,3.0,4.1,10.6,3.6,1.087
2020-11-24,0.28,79.4,44.1,90.3,1014.7,3.0,9.1,11.3,3.8,0.626
2020-11-25,5.039,65.8,29.1,90.8,1012.9,2.0,2.7,11.4,2.5,0.736
2020-11-26,0.26,49.5,51.2,92.3,1021.4,3.0,1.0,7.9,4.5,0.895
2020-11-27,2.739,82.4,32.8,92.7,1018.1,2.0,0.0,6.2,2.8,0.975
2020-11-28,5.213,91.0,10.5,96.6,1016.2,1.0,5.7,11.7,0.9,0.396
2020-11-29,0.12,93.7,13.6,95.6,1025.6,1.0,4.9,7.8,1.1,0.652
2020-11-30,0.178,85.1,14.4,94.2,1026.2,1.0,5.0,9.6,1.3,0.141
2020-12-01,0.319,73.3,40.1,80.9,1027.5,2.0,3.7,8.1,3.4,0.587
2020-12-02,0.064,82.4,15.8,90.0,1018.9,1.0,4.4,8.5,1.4,0.617
2020-12-03,5.106,81.6,17.3,91.8,989.4,1.0,2.9,5.8,1.5,0.13699999999999998
2020-12-04,1.617,69.4,32.0,84.5,979.5,2.0,2.2,5.6,2.7,0.983
2020-12-05,5.09,73.8,16.5,92.9,988.5,1.0,2.3,5.1,1.4,0.462
2020-12-06,0.109,63.0,42.6,90.6,1002.4,3.0,0.8,6.3,3.7,0.641
2020-12-07,0.126,77.8,20.3,95.2,998.9,1.0,0.1,3.2,1.6,0.631
2020-12-08,0.212,61.5,30.4,91.6,1004.2,1.0,0.1,6.5,2.6,0.525
2020-12-09,0.618,65.6,15.2,88.8,1005.6,1.0,2.3,7.5,1.2,0.479
2020-12-10,9.38,88.7,24.4,95.9,995.6,2.0,7.1,9.5,2.2,0.26
2020-12-11,6.486,72.0,35.5,95.9,986.8,2.0,7.3,9.4,3.2,0.63
2020-12-12,2.226,56.3,33.8,88.0,1001.8,2.0,2.7,7.8,2.9,0.882
2020-12-13,7.884,81.8,17.6,94.8,998.9,1.0,2.7,11.5,1.5,0.127
2020-12-14,6.161,60.9,18.8,86.9,997.1,1.0,7.6,10.5,1.7,0.653
2020-12-15,0.608,36.5,35.2,88.7,1003.2,2.0,6.4,9.5,3.0,0.5569999999999999
2020-12-16,14.679,72.9,8.7,92.9,1003.7,0.0,5.4,9.4,0.8,0.218
2020-12-17,0.553,64.0,32.8,93.2,1012.5,2.0,5.3,10.5,2.8,0.72
2020-12-18,9.094,94.1,12.4,96.9,1006.2,1.0,10.6,11.8,1.2,0.162
2020-12-19,12.324,52.1,32.3,87.6,1002.5,2.0,6.9,10.6,2.8,0.66
2020-12-20,1.005,44.6,36.7,85.5,1011.6,2.0,5.6,8.5,3.3,0.77
2020-12-21,6.397,91.8,13.7,97.1,1004.9,1.0,7.5,12.6,1.1,0.17200000000000001
2020-12-22,3.307,85.4,12.9,96.2,1010.1,1.0,8.6,12.1,1.1,0.106
2020-12-23,15.271,87.2,19.4,96.8,1002.3,1.0,4.8,11.0,1.7,0.59
2020-12-24,5.04,53.3,43.8,77.1,1024.6,3.0,0.9,6.1,4.0,0.796
2020-12-25,0.0,58.9,,82.4,1033.1,2.0,-0.4,4.2,2.7,0.593
2020-12-26,2.082,84.3,18.1,93.8,1017.0,1.0,2.6,9.2,1.7,0.474
2020-12-27,16.927,55.5,37.4,88.5,978.1,3.0,1.8,9.2,3.2,0.47500000000000003
2020-12-28,6.375,62.8,11.3,93.1,975.1,1.0,0.9,3.0,0.9,0.508
2020-12-29,1.816,68.3,24.9,90.0,991.8,2.0,1.9,4.2,2.0,0.717
2020-12-30,0.99,75.6,15.9,90.8,1003.6,1.0,0.2,3.3,1.4,0.497
2020-12-31,0.199,40.8,,92.6,1006.5,2.0,-1.8,3.3,3.3,0.834
2021-01-01,0.951,77.5,12.3,96.0,1013.1,1.0,-2.2,2.6,1.1,0.476
2021-01-02,0.741,58.3,,91.2,1017.6,2.0,-0.4,3.0,2.4,0.6779999999999999
2021-01-03,0.648,92.9,13.0,95.1,1018.2,1.0,-0.2,2.6,1.0,0.272
2021-01-04,0.205,82.8,16.8,89.5,1020.4,1.0,0.7,3.4,1.5,0.386
2021-01-05,0.0,77.6,40.2,84.0,1021.4,3.0,0.4,2.8,3.5,0.828
2021-01-06,0.217,90.8,,92.0,1020.7,1.0,-0.2,2.3,0.9,0.5549999999999999
2021-01-07,0.031,68.0,47.4,91.4,1019.5,3.0,-3.6,2.0,4.2,0.791
2021-01-08,0.64,87.8,,94.5,1018.3,1.0,-0.2,2.1,1.1,0.575
2021-01-09,0.024,98.5,,96.1,1026.3,1.0,-1.4,0.4,1.1,0.739
2021-01-10,0.119,80.3,20.9,96.8,1027.1,1.0,-2.6,4.6,1.8,0.788
2021-01-11,0.744,90.0,23.2,93.6,1020.1,1.0,4.7,8.0,1.9,0.406
2021-01-12,5.618,94.8,11.2,97.2,1015.8,0.0,6.7,9.4,1.1,0.32
2021-01-13,3.052,96.5,22.5,97.4,1020.1,1.0,7.1,9.2,2.0,0.539
2021-01-14,3.958,88.4,25.0,92.4,1018.5,1.0,4.8,9.3,2.2,0.554
2021-01-15,0.06,72.5,46.1,88.9,1029.2,2.0,-0.2,4.2,3.9,0.6849999999999999
2021-01-16,8.695,86.4,26.9,89.0,1019.9,2.0,5.0,8.4,2.2,0.737
2021-01-17,0.0,57.6,33.6,84.7,1026.1,2.0,3.7,6.4,3.0,1.057
2021-01-18,1.432,82.2,28.1,94.1,1021.2,2.0,3.2,9.4,2.3,0.214
2021-01-19,6.365,95.8,28.7,95.7,1004.1,2.0,8.9,10.1,2.3,0.467
2021-01-20,12.621,94.3,13.5,96.8,984.9,1.0,3.5,10.4,1.0,0.214
2021-01-21,10.163,60.3,25.1,85.2,986.3,1.0,2.7,6.2,2.1,0.86
2021-01-22,1.067,39.1,61.1,90.3,993.2,3.0,0.2,6.7,5.0,0.976
2021-01-23,0.185,49.2,,85.9,996.8,2.0,-2.2,4.3,4.5,1.3960000000000001
2021-01-24,3.577,69.9,42.4,92.4,996.9,2.0,-2.8,3.0,3.7,0.899
2021-01-25,0.225,35.2,,84.2,1012.0,3.0,-2.2,4.8,5.7,1.4829999999999999
2021-01-26,5.186,91.7,14.4,92.0,1014.4,1.0,1.4,8.4,1.2,0.278
2021-01-27,1.131,94.0,15.0,98.9,1011.4,1.0,7.3,9.4,1.3,0.473
2021-01-28,10.367,89.1,43.1,96.6,1002.5,2.0,9.6,11.2,3.7,0.489
2021-01-29,9.79,79.6,36.2,89.6,1000.5,2.0,6.2,9.0,3.0,0.744
2021-01-30,15.154,92.0,10.9,96.0,993.6,1.0,2.8,8.3,0.9,0.378
2021-01-31,5.571,97.0,13.6,93.5,996.5,1.0,0.3,2.6,1.2,0.397
2021-02-01,0.95,97.7,21.4,97.5,996.3,1.0,1.7,6.7,1.9,0.93
2021-02-02,7.23,77.1,52.2,92.5,993.2,3.0,6.4,11.3,4.3,1.469
2021-02-03,0.83,64.2,51.0,88.3,997.1,2.0,5.1,8.4,4.4,1.139
2021-02-04,6.979,68.1,29.4,96.7,1005.9,2.0,3.7,8.7,2.5,0.793
2021-02-05,4.424,63.0,58.0,93.9,1007.4,4.0,1.9,8.1,5.0,1.136
2021-02-06,0.438,60.8,,89.3,1006.8,4.0,-0.2,7.4,4.8,0.857
2021-02-07,0.033,90.6,,79.5,1006.1,3.0,-0.1,3.4,4.1,1.962
2021-02-08,0.0,68.3,50.8,73.6,1004.4,2.0,-1.9,0.5,4.4,1.603
2021-02-09,0.051,82.4,,76.6,1004.9,1.0,-2.9,-0.1,2.5,1.572
2021-02-10,0.0,66.5,,75.0,1011.8,5.0,-3.7,2.3,7.8,1.6280000000000001
2021-02-11,0.5,75.2,,74.5,1023.2,2.0,-3.9,1.3,3.5,0.878
2021-02-12,0.0,68.2,72.3,61.7,,3.0,-2.5,2.7,6.2,1.815
2021-02-13,0.091,82.0,,76.7,1027.0,1.0,-2.5,2.0,2.1,1.0150000000000001
2021-02-14,8.216,94.4,22.6,94.0,1019.8,1.0,1.7,8.4,1.9,0.27899999999999997
2021-02-15,3.123,88.5,64.6,94.9,1016.1,3.0,7.3,10.5,5.5,1.966
2021-02-16,6.185,76.1,51.7,91.2,1008.8,3.0,6.8,10.4,4.5,0.763
2021-02-17,8.939,82.5,46.6,92.9,1007.1,3.0,7.7,9.9,4.0,0.643
2021-02-18,4.774,54.2,85.6,82.7,1002.5,4.0,3.9,8.8,7.4,1.647
2021-02-19,1.289,88.5,26.4,87.8,1005.1,1.0,4.9,11.5,2.3,0.34900000000000003
2021-02-20,7.667,90.3,29.6,89.0,998.6,1.0,9.4,11.5,2.6,0.434
2021-02-21,2.613,85.0,41.4,93.1,1006.6,2.0,8.2,10.7,3.5,0.71
2021-02-22,4.609,65.2,99.5,88.6,1014.8,5.0,5.1,11.2,8.7,2.313
2021-02-23,0.104,86.6,106.7,85.2,1019.6,6.0,6.2,11.6,9.0,1.291
2021-02-24,0.358,90.8,67.8,86.6,1019.8,2.0,9.3,11.8,5.9,1.851
2021-02-25,0.386,51.7,92.1,85.5,1027.9,4.0,2.6,10.0,7.9,2.468
2021-02-26,0.096,34.0,,83.0,1038.0,5.0,-0.1,10.6,10.6,2.963
2021-02-27,0.116,38.9,125.6,83.9,1040.9,5.0,1.2,10.2,10.8,2.991
2021-02-28,0.051,23.0,132.4,79.1,1035.7,5.0,1.7,11.2,11.4,2.307
2021-03-01,0.0,55.1,78.2,87.0,1030.1,4.0,1.5,9.8,6.9,2.126
2021-03-02,0.119,71.7,55.8,93.2,1028.7,3.0,0.8,6.3,4.8,2.176
2021-03-03,3.949,85.4,31.5,96.2,1026.0,1.0,3.9,8.5,2.5,0.963
2021-03-04,1.008,94.3,21.5,94.0,1025.3,1.0,2.8,6.9,1.8,1.494
2021-03-05,0.024,73.2,140.8,72.8,1031.7,5.0,-0.1,5.4,12.2,3.263
2021-03-06,0.0,55.9,,71.8,1033.6,4.0,-2.2,5.2,8.6,3.133
2021-03-07,0.0,52.9,,75.6,1028.3,5.0,-3.0,5.1,11.6,3.353
2021-03-08,0.0,58.2,,75.7,1025.0,5.0,-2.3,8.7,11.8,2.819
2021-03-09,0.12,55.5,,81.3,1020.7,5.0,-0.1,9.4,10.8,2.87
2021-03-10,9.358,92.1,39.4,91.9,1005.3,2.0,6.2,10.6,3.4,0.422
2021-03-11,3.009,58.1,96.2,77.9,998.9,3.0,4.5,9.9,8.2,1.473
2021-03-12,6.206,56.9,110.4,84.6,1002.9,5.0,4.7,8.2,9.4,1.679
2021-03-13,7.867,53.9,108.4,76.2,999.2,6.0,4.4,7.2,9.5,1.895
2021-03-14,1.914,70.9,125.5,81.8,1016.7,5.0,5.5,9.1,10.7,1.757
2021-03-15,0.459,73.2,97.8,86.0,1023.3,5.0,7.3,11.2,8.6,2.9259999999999997
2021-03-16,0.197,65.7,114.5,88.5,1030.0,5.0,5.9,13.2,9.8,2.671
2021-03-17,0.051,42.1,98.1,72.8,1034.5,5.0,2.3,11.9,8.4,2.447
2021-03-18,0.0,63.6,121.2,82.9,1030.8,5.0,1.5,12.1,10.4,2.14
2021-03-19,0.0,89.0,62.0,84.2,1028.8,2.0,5.7,9.7,5.2,1.677
2021-03-20,0.0,92.7,64.8,85.0,1032.5,3.0,5.2,9.3,5.7,1.6809999999999998
2021-03-21,0.0,85.3,81.2,78.7,1029.6,3.0,4.9,11.0,6.8,2.415
2021-03-22,0.0,73.5,160.9,82.6,1027.3,6.0,2.0,11.0,14.0,3.208
2021-03-23,0.0,84.4,115.0,84.2,1023.8,4.0,4.5,10.1,9.9,2.589
2021-03-24,0.236,70.9,77.2,82.0,1020.8,3.0,4.1,11.8,6.8,2.355
2021-03-25,0.469,65.8,96.0,84.4,1017.7,3.0,3.2,12.3,8.3,2.753
2021-03-26,6.214,61.9,109.1,82.7,1010.6,5.0,3.1,9.2,9.5,2.263
2021-03-27,2.402,60.7,122.3,78.6,1021.4,6.0,3.1,10.0,10.3,2.997
2021-03-28,0.629,91.7,44.8,85.7,1022.6,2.0,8.3,10.5,3.6,1.617
2021-03-29,0.097,60.3,138.1,86.1,1026.6,5.0,5.4,13.7,12.1,3.805
2021-03-30,0.109,45.6,196.2,66.3,1026.4,6.0,4.9,19.2,16.9,3.869
2021-03-31,0.0,60.5,94.9,67.0,1019.5,3.0,9.2,17.3,8.2,3.12
2021-04-01,0.0,53.0,97.4,81.3,1022.4,4.0,6.4,12.7,8.4,3.425
2021-04-02,0.0,26.2,160.8,75.6,1029.3,5.0,3.1,10.6,13.8,4.749
2021-04-03,0.0,46.1,117.7,74.8,1032.4,5.0,2.1,9.3,10.0,4.837
2021-04-04,0.0,40.5,,77.6,1027.5,6.0,-0.3,12.9,14.9,4.982
2021-04-05,0.024,61.3,86.4,64.5,1020.7,4.0,1.1,7.4,7.4,4.614
2021-04-06,0.446,48.1,,68.3,1023.4,7.0,-1.1,6.0,16.8,3.6149999999999998
2021-04-07,0.174,76.9,,72.9,1025.4,3.0,-1.2,6.0,8.6,3.832
2021-04-08,0.189,86.0,116.6,78.5,1022.5,5.0,2.2,8.8,10.0,3.085
2021-04-09,0.158,76.3,116.9,79.2,1014.2,5.0,2.9,9.9,10.2,3.7
2021-04-10,0.146,74.3,165.5,76.1,1013.4,6.0,2.6,8.5,14.2,3.403
2021-04-11,0.725,48.7,196.0,73.8,1020.5,8.0,0.1,8.0,16.9,3.232
2021-04-12,0.716,61.5,164.0,77.8,1029.1,8.0,0.3,9.1,14.1,2.996
2021-04-13,0.128,54.8,,81.5,1032.8,5.0,-0.2,9.5,11.2,4.353
2021-04-14,0.006,51.9,179.1,76.3,1032.3,6.0,1.7,11.7,15.6,3.831
2021-04-15,0.0,40.3,,66.0,1032.9,8.0,-0.3,9.7,18.5,5.383
2021-04-16,0.0,42.0,,68.9,1031.1,8.0,-0.7,9.3,15.3,5.115
2021-04-17,0.0,20.2,234.0,63.2,1029.1,7.0,-0.3,11.7,20.4,5.591
2021-04-18,0.0,39.2,222.8,63.9,1025.2,8.0,1.5,13.1,19.3,4.99
2021-04-19,0.024,50.2,234.9,65.8,1021.2,7.0,1.7,12.9,20.2,5.2059999999999995
2021-04-20,0.0,57.2,251.0,65.7,1017.9,7.0,2.0,15.0,21.6,4.711
2021-04-21,0.0,64.0,177.4,69.3,1019.6,7.0,6.0,15.2,15.3,4.709
2021-04-22,0.0,20.5,254.0,67.6,1025.3,7.0,1.9,13.3,22.0,5.912
2021-04-23,0.0,24.3,255.5,53.4,1025.9,8.0,2.9,15.5,22.0,5.798
2021-04-24,0.0,42.3,255.4,55.2,1025.1,7.0,5.3,16.5,21.8,5.944
2021-04-25,0.0,53.0,260.0,59.6,1026.0,8.0,3.5,14.2,22.4,5.763
2021-04-26,0.0,35.7,250.5,67.4,1021.1,7.0,1.6,12.1,21.5,6.034
2021-04-27,0.095,68.6,121.3,71.2,1010.6,6.0,2.5,13.9,10.4,4.664
2021-04-28,2.184,85.3,77.3,87.9,1006.3,3.0,4.7,9.1,6.7,2.174
2021-04-29,0.797,65.9,224.8,68.8,1012.4,7.0,1.8,10.3,19.4,5.045
2021-04-30,2.03,70.3,158.4,80.1,1015.3,5.0,1.4,8.7,13.5,3.407
2021-05-01,0.257,63.3,195.6,80.4,1017.0,7.0,1.2,10.1,16.9,3.715
2021-05-02,0.119,58.8,195.9,75.8,1021.1,7.0,1.1,11.5,16.6,5.244
2021-05-03,2.411,71.7,97.1,84.9,1012.3,3.0,4.8,10.1,8.3,2.516
2021-05-04,2.215,60.8,211.5,68.5,1004.0,7.0,4.6,10.6,18.4,5.711
2021-05-05,1.532,49.6,180.1,74.8,1010.6,6.0,3.6,9.5,15.6,3.908
2021-05-06,0.19,54.6,213.1,68.0,1007.9,8.0,1.5,11.8,18.4,4.906
2021-05-07,0.476,49.7,215.2,67.8,1015.8,7.0,1.0,11.9,18.5,4.826
2021-05-08,3.484,93.3,58.6,94.7,1002.5,2.0,6.8,12.6,5.1,3.628
2021-05-09,8.002,83.3,202.1,88.4,995.5,8.0,9.6,14.1,17.4,4.525
2021-05-10,1.129,59.7,223.4,83.7,998.1,8.0,7.7,12.8,19.6,5.2010000000000005
2021-05-11,3.577,56.5,189.8,85.2,1005.1,9.0,6.3,11.7,16.3,5.4239999999999995
2021-05-12,7.498,72.9,160.0,85.4,1007.8,7.0,6.7,12.1,13.8,3.822
2021-05-13,36.276,88.1,46.4,93.9,1005.8,2.0,7.1,11.0,4.3,2.168
2021-05-14,2.546,83.6,132.2,87.4,1009.1,7.0,8.4,12.6,11.3,3.6870000000000003
2021-05-15,6.179,72.9,136.3,90.2,1000.4,5.0,7.3,12.3,11.7,3.98
2021-05-16,11.193,69.7,139.8,92.1,997.3,5.0,7.6,11.6,12.0,1.995
2021-05-17,3.164,63.8,169.0,84.9,1006.8,6.0,7.7,14.4,14.7,4.515
2021-05-18,7.321,66.6,140.3,89.0,1013.8,4.0,7.3,12.4,12.1,4.245
2021-05-19,2.844,53.0,291.3,78.5,1019.3,8.0,7.4,14.0,25.3,6.376
2021-05-20,2.188,84.1,124.3,88.3,1010.9,4.0,7.7,12.0,10.7,2.386
2021-05-21,6.138,77.9,120.5,88.3,997.9,4.0,8.6,10.0,10.3,2.385
2021-05-22,4.413,61.6,157.3,79.2,1005.0,5.0,5.4,11.4,13.7,5.904
2021-05-23,11.851,73.6,105.9,89.0,1006.4,4.0,4.7,10.0,9.1,2.44
2021-05-24,4.119,51.5,181.9,85.4,1003.4,9.0,6.1,10.4,15.5,3.393
2021-05-25,5.295,64.5,139.1,87.5,1015.7,6.0,6.0,11.5,11.9,4.053
2021-05-26,0.213,52.5,274.8,79.3,1016.4,8.0,5.1,15.1,23.7,6.383
2021-05-27,0.095,45.9,272.8,73.2,1020.3,8.0,4.6,16.7,23.5,6.651
2021-05-28,0.403,92.9,191.2,74.2,1022.4,7.0,9.2,17.5,16.7,3.9739999999999998
2021-05-29,0.0,74.2,301.7,67.9,1025.6,8.0,10.8,19.6,26.1,6.28
2021-05-30,0.0,49.7,236.0,67.7,1026.4,9.0,9.0,18.6,20.3,6.52
2021-05-31,0.0,18.4,268.5,67.5,1020.1,8.0,8.5,20.9,23.2,6.856
2021-06-01,0.0,38.5,304.4,58.1,1013.3,8.0,11.7,22.1,26.1,5.493
2021-06-02,4.487,75.7,143.4,77.0,1011.2,5.0,13.6,18.9,12.3,4.443
2021-06-03,0.009,81.5,137.9,81.6,1018.9,5.0,10.1,16.7,12.0,5.634
2021-06-04,0.0,49.0,275.7,71.3,1023.7,9.0,7.1,17.9,23.9,6.798
2021-06-05,0.031,43.5,243.7,82.5,1025.2,9.0,7.3,17.5,21.0,6.061
2021-06-06,0.457,81.2,133.3,87.4,1024.6,4.0,12.9,18.4,11.4,5.0520000000000005
2021-06-07,0.136,70.0,223.6,82.9,1024.1,7.0,9.6,17.0,19.2,5.17
2021-06-08,0.0,43.5,319.7,76.8,1023.7,9.0,7.5,19.0,27.7,6.563000000000001
2021-06-09,0.015,61.2,194.5,86.6,1022.3,6.0,9.3,19.4,16.7,5.579
2021-06-10,0.622,85.2,154.4,91.6,1021.0,5.0,14.3,18.9,13.4,5.379
2021-06-11,0.139,87.2,130.9,89.2,1020.7,6.0,14.2,19.5,11.4,5.406
2021-06-12,0.039,48.4,287.6,78.9,1024.4,8.0,11.6,20.6,24.8,6.801
2021-06-13,0.0,23.2,308.5,72.0,1026.1,8.0,11.7,23.4,26.5,6.756
2021-06-14,0.0,51.9,300.8,75.6,1022.1,8.0,12.4,22.2,26.1,6.588
2021-06-15,0.0,50.5,306.7,70.7,1021.0,8.0,10.5,21.8,26.3,6.207
2021-06-16,0.0,62.9,282.8,75.7,1012.2,8.0,10.2,21.4,24.5,6.011
2021-06-17,1.766,75.3,206.7,77.7,1011.7,7.0,12.1,19.0,17.8,4.246
2021-06-18,0.318,87.5,64.8,75.8,1014.7,2.0,13.0,15.9,5.6,2.683
2021-06-19,0.068,91.8,56.6,87.7,1013.7,1.0,12.0,14.4,4.9,3.47
2021-06-20,10.777,89.3,62.2,95.0,1007.7,2.0,12.4,15.7,5.5,3.951
2021-06-21,4.438,91.6,71.8,87.6,1012.4,2.0,10.5,13.5,6.3,3.189
2021-06-22,0.787,71.5,207.4,71.1,1021.2,7.0,9.7,15.9,17.9,6.809
2021-06-23,0.0,29.2,295.8,71.6,1024.2,9.0,7.6,19.1,25.6,6.402
2021-06-24,0.217,83.3,188.2,82.8,1022.8,5.0,10.9,19.4,16.5,4.381
2021-06-25,1.808,84.1,192.7,82.1,1018.0,9.0,11.3,15.5,16.6,5.7940000000000005
2021-06-26,0.014,73.6,226.0,77.0,1016.7,7.0,10.0,17.6,19.4,5.638
2021-06-27,2.272,80.1,59.7,90.8,1014.5,2.0,12.5,17.3,5.2,3.457
2021-06-28,21.116,86.5,111.7,93.0,1014.1,5.0,13.4,18.5,9.5,4.257
2021-06-29,1.514,89.4,111.5,84.9,1015.9,4.0,13.4,17.3,9.5,4.695
2021-06-30,0.0,51.0,263.0,78.1,1017.3,8.0,11.3,22.2,22.7,4.881
2021-07-01,0.0,53.7,307.7,84.2,1018.2,8.0,13.4,19.8,26.5,5.622
2021-07-02,0.0,75.4,199.7,81.5,1016.3,7.0,12.2,20.2,17.2,5.813
2021-07-03,2.212,79.7,104.7,90.0,1011.3,4.0,13.7,18.8,9.0,5.003
2021-07-04,8.062,77.8,176.6,91.3,1006.7,6.0,13.5,16.7,15.2,3.993
2021-07-05,2.129,71.8,197.0,85.2,1003.9,8.0,11.4,16.7,17.1,4.15
2021-07-06,7.984,73.6,176.9,85.9,999.8,6.0,10.8,16.7,15.2,5.876
2021-07-07,14.073,77.6,129.9,90.3,1010.7,6.0,13.4,17.5,11.2,6.19
2021-07-08,1.296,81.8,182.5,86.0,1019.7,9.0,13.2,19.4,16.0,5.846
2021-07-09,0.525,71.8,153.9,84.6,1021.4,5.0,12.2,17.0,13.2,4.661
2021-07-10,2.625,80.1,147.5,89.1,1016.3,5.0,12.0,17.2,12.6,3.656
2021-07-11,7.289,83.1,72.0,95.2,1014.4,2.0,12.3,15.1,6.3,2.731
2021-07-12,11.512,81.4,173.5,89.0,1011.3,7.0,13.4,19.6,14.8,4.222
2021-07-13,0.338,62.8,240.9,81.9,1016.1,8.0,13.8,21.2,20.8,6.119
2021-07-14,0.0,41.4,273.4,77.8,1020.2,8.0,13.1,21.4,23.6,6.312
2021-07-15,0.0,27.7,300.1,77.2,1023.4,9.0,13.1,22.5,26.1,6.511
2021-07-16,0.0,36.5,291.3,75.1,1026.9,8.0,13.3,24.6,25.4,6.371
2021-07-17,0.0,34.3,273.1,71.7,1028.1,8.0,15.9,25.8,23.7,6.268
2021-07-18,0.0,12.8,291.1,68.3,1025.3,8.0,15.7,26.9,25.1,6.423
2021-07-19,0.0,9.8,282.0,64.5,1021.4,8.0,16.3,27.4,24.5,6.231
2021-07-20,0.0,9.2,273.1,64.4,1020.0,8.0,16.0,28.0,23.6,6.233
2021-07-21,0.0,11.9,285.6,65.3,1022.1,8.0,16.1,28.2,24.4,6.181
2021-07-22,0.0,40.2,248.7,68.1,1021.7,7.0,17.1,26.4,21.5,5.268
2021-07-23,0.0,44.9,260.8,68.0,1014.9,8.0,16.8,24.4,22.5,5.276
2021-07-24,4.291,83.2,65.6,91.1,1007.6,3.0,14.3,18.9,5.5,3.647
2021-07-25,5.378,81.4,112.9,85.2,1008.6,4.0,15.2,20.9,9.6,2.7640000000000002
2021-07-26,0.051,48.0,236.5,83.0,1010.6,8.0,12.7,22.9,20.3,5.388
2021-07-27,5.744,76.6,161.8,88.5,1008.2,7.0,14.9,19.4,13.9,4.063
2021-07-28,3.802,63.7,181.9,81.4,1008.2,7.0,13.3,17.6,15.8,5.037
2021-07-29,0.674,67.0,162.6,78.6,1010.3,6.0,11.9,18.6,14.1,5.204
2021-07-30,7.214,79.5,143.0,89.2,1003.2,4.0,13.1,15.5,12.1,5.114
2021-07-31,3.507,77.9,117.8,86.9,1010.7,3.0,13.7,16.7,10.1,5.446
2021-08-01,1.904,79.9,171.4,84.9,1011.9,8.0,12.9,18.8,14.7,3.989
2021-08-02,4.599,72.1,160.8,82.8,1014.3,6.0,11.5,18.0,13.8,3.657
2021-08-03,0.13,66.0,182.8,80.9,1013.2,7.0,9.6,17.6,15.7,5.484
2021-08-04,0.024,72.8,178.5,76.8,1012.7,7.0,11.3,20.7,15.1,5.58
2021-08-05,3.334,84.6,100.4,93.2,1002.8,5.0,12.9,16.8,8.8,3.102
2021-08-06,5.119,66.0,196.9,86.2,998.7,5.0,13.2,17.5,16.8,5.384
2021-08-07,4.376,70.2,129.0,89.7,997.9,5.0,11.8,16.4,10.9,3.693
2021-08-08,6.214,67.5,161.5,83.9,1006.4,5.0,12.5,17.5,14.0,4.797
2021-08-09,9.972,67.6,127.0,89.4,1011.6,4.0,12.9,16.8,10.9,4.149
2021-08-10,0.451,59.8,207.1,84.5,1016.1,6.0,11.9,19.6,17.7,5.409
2021-08-11,0.182,73.9,145.1,90.0,1018.0,6.0,11.5,18.6,12.6,4.479
2021-08-12,0.576,72.8,139.9,89.7,1018.0,7.0,12.7,18.9,12.1,4.773
2021-08-13,0.192,70.9,143.6,84.8,1021.2,5.0,12.9,19.6,12.5,4.71
2021-08-14,0.401,68.6,220.6,86.8,1019.9,8.0,14.6,20.8,19.1,4.434
2021-08-15,0.766,77.9,107.2,88.6,1013.9,4.0,14.4,17.5,9.2,4.31
2021-08-16,0.389,73.1,102.9,81.0,1019.5,3.0,12.4,15.9,8.8,4.774
2021-08-17,0.009,85.6,174.2,83.6,1022.1,8.0,13.1,17.7,15.1,4.749
2021-08-18,0.152,94.5,95.4,88.1,1019.1,3.0,12.9,16.3,8.2,5.306
2021-08-19,5.371,85.1,126.3,87.9,1014.8,5.0,12.0,19.3,11.1,4.225
2021-08-20,0.265,86.3,99.8,90.8,1015.7,3.0,14.8,19.2,8.5,3.926
2021-08-21,6.772,76.1,90.5,91.7,1014.6,5.0,14.5,19.7,8.1,3.472
2021-08-22,0.702,59.7,191.4,83.8,1020.7,7.0,12.8,18.8,16.6,5.102
2021-08-23,0.024,65.4,83.4,87.5,1028.0,3.0,12.3,18.4,7.4,4.659
2021-08-24,0.0,36.3,221.4,77.6,1029.1,7.0,11.0,20.5,19.1,5.292
2021-08-25,0.0,45.7,208.0,80.5,1025.8,7.0,11.7,19.1,18.0,5.269
2021-08-26,0.0,53.7,177.6,80.9,1022.7,7.0,11.4,20.8,15.4,4.518
2021-08-27,0.0,59.1,121.1,78.7,1024.2,5.0,8.7,16.3,10.5,5.074
2021-08-28,0.0,61.7,138.0,81.5,1026.7,5.0,8.3,18.6,12.0,5.129
2021-08-29,0.0,54.7,159.5,79.8,1025.9,5.0,10.4,18.4,13.9,4.938
2021-08-30,0.0,94.1,82.3,79.7,1026.5,3.0,12.7,16.9,7.1,4.329
2021-08-31,0.024,90.8,96.5,81.3,1029.5,4.0,12.8,16.3,8.4,3.994
2021-09-01,0.0,96.9,76.7,78.3,1030.8,2.0,12.7,16.0,6.4,4.649
2021-09-02,0.0,97.4,91.4,79.0,1027.5,3.0,12.9,16.6,7.9,3.807
2021-09-03,0.0,65.4,139.7,77.0,1021.4,5.0,11.6,19.8,12.0,4.605
2021-09-04,0.0,41.4,203.8,81.6,1017.9,7.0,11.6,20.5,17.5,4.594
2021-09-05,0.0,65.2,142.4,88.2,1019.7,6.0,12.4,22.6,12.4,3.231
2021-09-06,0.024,38.4,186.3,81.1,1022.6,7.0,13.8,25.5,15.9,3.977
2021-09-07,0.0,12.6,201.1,66.5,1019.1,6.0,15.8,26.6,17.3,4.413
2021-09-08,0.315,67.7,87.0,75.5,1011.3,3.0,16.6,21.7,7.6,2.205
2021-09-09,10.065,85.4,90.3,96.5,1007.3,4.0,15.8,18.3,7.8,3.024
2021-09-10,1.196,85.0,79.7,94.3,1010.8,3.0,15.6,18.0,6.9,3.522
2021-09-11,0.337,72.7,138.1,82.9,1017.5,5.0,12.6,17.9,11.7,3.819
2021-09-12,0.12,64.6,149.2,82.3,1019.0,6.0,9.3,18.9,12.9,3.415
2021-09-13,0.006,83.1,83.6,85.7,1016.2,3.0,13.6,18.8,7.4,2.2199999999999998
2021-09-14,2.676,84.3,64.2,92.2,1012.1,3.0,13.4,17.7,5.5,3.005
2021-09-15,0.095,42.4,154.1,88.2,1015.2,5.0,11.1,19.4,13.4,4.173
2021-09-16,0.024,65.4,143.5,86.5,1017.9,6.0,11.6,20.2,12.4,4.117
2021-09-17,0.0,62.0,123.0,87.4,1013.6,6.0,11.1,18.5,10.7,3.26
2021-09-18,2.195,78.9,111.9,87.8,1013.0,5.0,13.7,20.3,9.6,3.758
2021-09-19,0.594,53.5,128.1,83.0,1015.8,5.0,11.1,17.5,11.0,3.36
2021-09-20,0.024,27.9,181.4,80.2,1024.5,6.0,8.4,19.0,15.7,4.079
2021-09-21,0.177,63.6,162.5,81.7,1030.8,6.0,8.6,19.9,14.0,3.839
2021-09-22,0.024,60.3,122.4,84.4,1028.6,4.0,8.9,18.3,10.6,3.871
2021-09-23,0.104,80.1,91.7,88.7,1022.1,4.0,12.6,17.5,7.8,3.1
2021-09-24,0.024,78.8,130.5,91.4,1017.5,5.0,10.3,19.5,11.1,3.427
2021-09-25,0.2,90.8,44.6,95.5,1013.8,2.0,13.7,18.2,4.1,2.845
2021-09-26,0.146,69.0,115.5,90.3,1010.8,6.0,11.4,18.1,9.9,3.4819999999999998
2021-09-27,10.858,49.8,144.2,82.2,1010.0,5.0,9.9,16.3,12.3,2.741
2021-09-28,23.823,68.5,30.0,91.0,1014.1,2.0,10.0,14.3,2.5,1.848
2021-09-29,3.34,30.6,147.0,76.3,1021.7,6.0,7.8,13.7,12.7,3.525
2021-09-30,3.66,92.3,77.1,89.2,1019.7,3.0,8.6,14.9,6.7,1.434
2021-10-01,2.246,59.1,130.2,79.5,1010.8,6.0,8.3,14.8,11.3,3.3569999999999998
2021-10-02,19.483,75.4,20.3,91.4,997.3,1.0,8.5,13.6,1.5,0.965
2021-10-03,2.825,50.1,125.9,85.0,997.9,5.0,8.3,13.3,10.8,2.391
2021-10-04,3.75,57.8,84.3,89.1,1006.3,3.0,8.7,13.5,7.2,1.888
2021-10-05,14.224,52.1,94.2,84.8,1005.2,5.0,9.2,13.1,8.1,2.674
2021-10-06,0.252,69.3,113.4,80.7,1020.7,5.0,9.4,15.6,9.9,2.481
2021-10-07,0.024,86.1,75.3,92.8,1025.2,4.0,13.4,18.0,6.4,2.608
2021-10-08,0.0,97.1,34.0,92.7,1028.8,1.0,13.7,16.0,2.8,2.576
2021-10-09,0.0,61.7,91.6,86.6,1028.3,5.0,9.7,16.1,7.7,2.631
2021-10-10,0.0,54.1,121.6,83.8,1030.5,5.0,9.4,17.0,10.4,2.803
2021-10-11,0.0,31.0,113.0,84.7,1032.0,4.0,5.3,14.7,9.7,2.649
2021-10-12,0.171,55.3,90.3,89.3,1027.7,4.0,6.4,15.1,7.9,2.777
2021-10-13,0.031,72.1,69.7,88.4,1028.3,4.0,9.2,16.5,6.1,2.551
2021-10-14,0.177,54.9,109.6,89.7,1024.9,5.0,7.5,16.4,9.4,2.462
2021-10-15,0.0,83.1,60.3,89.2,1020.4,3.0,11.3,15.0,5.3,2.11
2021-10-16,0.0,62.8,87.1,91.7,1019.6,5.0,10.2,16.1,7.4,1.948
2021-10-17,0.095,74.2,92.2,89.8,1016.2,5.0,10.2,16.5,7.9,2.6229999999999998
2021-10-18,7.654,84.3,19.4,97.9,1014.2,1.0,10.2,15.9,1.8,0.835
2021-10-19,4.696,94.1,23.3,96.9,1010.8,1.0,15.2,16.3,1.9,1.268
2021-10-20,21.377,66.6,97.3,90.0,998.5,5.0,8.9,15.2,8.3,2.088
2021-10-21,25.233,32.1,113.3,77.5,1010.5,5.0,6.2,11.5,9.9,2.609
2021-10-22,0.024,82.0,34.8,80.8,1023.0,2.0,6.2,11.1,3.0,1.972
2021-10-23,0.0,96.7,32.9,76.0,1023.9,2.0,8.8,12.4,2.9,1.132
2021-10-24,1.048,77.8,40.5,86.1,1016.1,3.0,10.5,14.3,3.5,1.304
2021-10-25,0.731,51.9,78.9,88.8,1015.1,4.0,9.5,14.4,6.9,1.982
2021-10-26,1.318,81.4,48.8,93.5,1018.1,2.0,9.2,15.0,4.2,1.822
2021-10-27,0.256,91.9,28.3,89.1,1017.0,1.0,13.6,14.5,2.6,1.596
2021-10-28,13.08,90.6,15.8,90.9,1005.8,1.0,13.1,14.5,1.3,1.322
2021-10-29,19.079,59.4,60.8,86.7,995.8,3.0,10.3,13.6,5.3,1.863
2021-10-30,13.583,47.5,65.1,85.6,995.4,4.0,7.9,12.2,5.6,1.733
2021-10-31,11.721,53.4,50.1,81.8,991.0,3.0,8.4,12.3,4.3,1.837
2021-11-01,3.529,36.4,49.6,84.1,995.5,3.0,5.1,10.1,4.3,1.102
2021-11-02,1.726,36.8,60.3,87.4,999.4,4.0,3.6,10.8,5.1,1.31
2021-11-03,0.275,58.3,49.7,90.2,1006.1,3.0,2.8,9.6,4.4,1.4060000000000001
2021-11-04,0.191,36.9,59.6,78.5,1017.7,3.0,3.0,9.5,5.2,1.944
2021-11-05,0.006,69.6,45.5,86.4,1027.5,4.0,2.0,11.1,4.0,1.109
2021-11-06,0.204,83.1,33.0,90.7,1026.3,1.0,8.5,11.8,2.8,0.925
2021-11-07,1.736,46.2,59.8,81.4,1024.0,3.0,5.7,11.2,5.1,1.443
2021-11-08,0.108,86.3,29.4,93.4,1024.1,2.0,5.3,12.6,2.4,0.791
2021-11-09,0.033,85.4,26.8,91.8,1023.2,1.0,9.6,13.3,2.4,1.379
2021-11-10,1.206,91.7,27.4,96.9,1022.7,1.0,11.0,12.9,2.4,0.882
2021-11-11,0.372,75.9,23.9,93.0,1021.8,1.0,8.4,12.0,2.0,1.242
2021-11-12,1.818,74.8,34.8,92.3,1011.9,2.0,9.2,12.4,3.2,0.89
2021-11-13,0.396,83.2,28.4,87.5,1018.0,1.0,9.8,12.7,2.4,1.539
2021-11-14,0.0,78.0,36.3,89.1,1025.0,2.0,7.3,11.7,3.1,1.462
2021-11-15,0.12,91.8,37.5,96.4,1027.1,2.0,6.4,10.5,3.3,0.855
2021-11-16,0.174,79.7,27.9,95.4,1022.9,1.0,7.9,11.9,2.5,0.461
2021-11-17,0.201,67.9,48.0,84.0,1025.7,3.0,7.4,11.3,4.1,1.208
2021-11-18,0.3,92.0,26.0,91.2,1030.3,1.0,8.5,12.5,2.1,0.6729999999999999
2021-11-19,0.401,96.3,19.9,95.0,1031.2,1.0,9.0,10.8,1.7,0.774
2021-11-20,0.787,89.6,15.3,95.3,1024.9,1.0,7.7,9.7,1.3,0.713
2021-11-21,0.477,43.7,38.5,80.4,1021.6,2.0,3.2,8.3,3.4,1.377
2021-11-22,0.0,40.3,42.7,85.4,1031.0,3.0,1.7,7.3,3.7,1.2
2021-11-23,0.095,73.2,17.3,92.8,1032.9,1.0,0.7,7.0,1.4,0.762
2021-11-24,0.0,94.6,10.6,91.2,1022.4,1.0,4.9,7.3,1.0,0.728
2021-11-25,0.219,43.8,42.2,80.4,1018.5,3.0,2.0,6.9,3.7,1.335
2021-11-26,3.213,61.4,30.3,85.4,1000.3,2.0,2.6,8.6,2.6,0.627
2021-11-27,1.366,66.3,20.3,64.2,1000.8,2.0,1.8,5.1,1.8,0.939
2021-11-28,0.02,55.9,41.8,71.8,1009.5,3.0,0.9,6.3,3.6,0.761
2021-11-29,0.302,79.2,,87.1,1016.1,2.0,-1.0,6.0,2.5,0.782
2021-11-30,0.425,90.0,25.6,93.4,1012.7,2.0,6.8,10.7,2.3,0.48400000000000004
2021-12-01,4.774,58.8,31.9,82.7,1002.8,2.0,2.7,10.2,2.8,0.866
2021-12-02,0.814,48.7,26.8,79.2,1014.3,2.0,-0.9,5.7,2.3,1.104
2021-12-03,7.51,87.7,19.4,96.8,1004.6,1.0,2.0,10.0,1.6,0.334
2021-12-04,2.584,46.6,24.3,83.1,1001.4,2.0,4.0,6.9,2.1,0.817
2021-12-05,0.677,57.3,34.4,78.6,1011.1,3.0,2.5,6.7,2.9,1.051
2021-12-06,3.995,64.9,17.3,88.6,1011.2,1.0,0.9,8.4,1.4,0.431
2021-12-07,9.58,64.2,12.6,83.7,994.7,1.0,1.8,8.4,1.1,0.247
2021-12-08,1.273,63.5,22.6,73.2,993.3,2.0,5.2,6.7,2.0,0.635
2021-12-09,3.174,73.6,22.6,84.5,999.9,1.0,3.9,9.6,1.8,0.525
2021-12-10,2.09,48.6,24.3,77.1,1003.7,2.0,3.9,7.0,2.2,0.86
2021-12-11,1.002,92.7,19.5,92.5,1015.8,1.0,3.9,10.8,1.7,0.157
2021-12-12,0.895,89.6,18.5,92.4,1019.2,1.0,10.5,11.7,1.6,0.64
2021-12-13,0.952,86.9,24.8,94.5,1022.0,2.0,9.8,10.6,2.2,0.548
2021-12-14,0.187,90.5,14.7,95.0,1026.8,1.0,9.9,11.2,1.2,0.547
2021-12-15,0.104,97.4,11.4,92.0,1031.2,1.0,8.9,11.1,1.0,0.8130000000000001
2021-12-16,0.0,99.0,16.4,85.6,1037.7,1.0,7.7,10.4,1.3,0.33
2021-12-17,0.0,92.1,14.4,84.3,1039.3,1.0,5.7,8.3,1.1,0.635
2021-12-18,0.024,77.0,12.2,94.4,1037.5,1.0,3.4,7.3,1.0,0.73
2021-12-19,0.134,91.4,12.7,98.0,1033.8,1.0,3.0,6.7,1.0,0.332
2021-12-20,0.12,99.8,10.5,92.9,1027.8,1.0,2.5,5.5,0.8,0.308
2021-12-21,0.024,98.9,16.7,82.6,1023.6,1.0,3.4,5.5,1.3,0.98
2021-12-22,0.153,71.1,18.0,90.1,1016.2,1.0,1.8,7.2,1.6,0.188
2021-12-23,1.125,85.4,16.3,97.1,1007.3,1.0,7.3,11.0,1.3,0.337
2021-12-24,4.345,75.4,10.5,98.3,1002.4,1.0,6.4,10.0,1.0,0.27
2021-12-25,21.979,82.0,8.9,98.8,999.8,1.0,6.5,9.6,0.8,0.203
2021-12-26,4.779,67.9,34.5,97.6,999.3,2.0,6.0,10.2,2.9,0.6960000000000001
2021-12-27,5.787,78.8,18.1,97.3,988.7,1.0,7.5,11.3,1.5,0.34299999999999997
2021-12-28,4.914,81.1,12.6,90.4,995.0,1.0,7.7,9.6,1.0,0.442
2021-12-29,9.989,89.6,15.9,96.3,1004.4,1.0,7.7,13.1,1.3,0.524
2021-12-30,3.228,94.8,17.3,94.7,1012.3,1.0,11.9,13.0,1.5,0.455
2021-12-31,3.699,89.4,17.1,94.4,1016.1,1.0,11.5,13.6,1.3,0.778
2022-01-01,0.856,78.6,24.5,91.8,1015.5,2.0,11.3,13.0,2.1,0.383
2022-01-02,4.385,73.1,16.0,91.4,1010.8,1.0,8.0,11.4,1.4,0.452
2022-01-03,0.346,62.5,19.7,88.9,1008.4,1.0,7.3,9.6,1.6,0.329
2022-01-04,2.284,53.2,27.8,86.0,1003.7,2.0,1.9,7.2,2.4,0.742
2022-01-05,0.015,42.9,30.2,78.6,1016.7,3.0,0.7,5.5,2.6,1.056
2022-01-06,1.849,74.8,14.2,85.5,1015.7,1.0,0.6,7.3,1.2,0.264
2022-01-07,9.588,60.7,13.6,90.1,1012.5,1.0,2.0,4.8,1.2,0.322
2022-01-08,7.702,69.7,11.2,90.8,1003.0,1.0,3.5,9.7,1.1,0.154
2022-01-09,2.586,60.5,24.4,86.2,1004.6,1.0,4.0,7.2,2.0,0.8190000000000001
2022-01-10,1.506,92.0,17.3,98.3,1017.3,1.0,5.6,9.7,1.5,0.329
2022-01-11,1.528,82.7,18.3,98.5,1029.8,1.0,4.9,10.5,1.6,0.20500000000000002
2022-01-12,0.176,53.7,31.7,89.0,1041.1,3.0,0.6,7.0,2.7,1.162
2022-01-13,0.068,21.5,,90.0,1041.2,3.0,-0.1,8.7,2.6,1.191
2022-01-14,0.236,8.5,19.4,85.1,1035.1,1.0,0.9,8.9,1.7,1.168
2022-01-15,0.0,84.6,16.5,89.5,1025.5,1.0,1.9,6.8,1.3,0.895
2022-01-16,1.573,75.9,29.7,93.2,1028.0,2.0,3.5,8.7,2.6,0.619
2022-01-17,0.04,19.1,,88.1,1038.6,3.0,-0.4,7.9,3.0,1.328
2022-01-18,0.151,76.5,24.0,93.8,1036.3,1.0,0.3,7.9,2.1,0.962
2022-01-19,0.102,71.0,30.1,87.4,1029.7,3.0,2.4,9.6,2.6,1.059
2022-01-20,0.098,36.3,27.6,82.0,1037.7,2.0,-1.4,5.8,2.4,1.25
2022-01-21,0.0,52.6,40.9,82.7,1041.0,3.0,-3.5,4.3,3.6,1.325
2022-01-22,0.0,97.6,21.7,83.4,1038.7,1.0,2.6,5.0,1.8,1.002
2022-01-23,0.0,100.0,19.3,86.3,1034.9,1.0,2.2,4.1,1.5,0.944
2022-01-24,0.0,100.0,9.2,89.0,1032.5,0.0,3.5,4.3,0.7,0.7949999999999999
2022-01-25,0.0,99.9,16.2,90.1,1034.4,1.0,2.5,3.6,1.5,0.687
2022-01-26,0.0,87.9,32.6,86.7,1034.0,2.0,0.8,7.7,3.0,1.321
2022-01-27,0.605,64.0,23.6,91.7,1030.8,1.0,2.0,10.4,2.1,0.612
2022-01-28,0.191,61.8,40.8,95.9,1035.6,2.0,0.6,9.1,3.5,0.401
2022-01-29,1.226,77.8,31.0,93.5,1031.9,1.0,3.5,10.2,2.6,0.7
2022-01-30,0.124,38.8,53.9,88.9,1031.4,3.0,0.4,8.0,4.7,1.313
2022-01-31,0.773,73.0,35.6,79.0,1027.6,2.0,5.5,7.3,3.1,1.491
